sheet	longname	prefix	key	keystrokes	jump	selection	modifies	logged	video	menupath	helpstr
global	add-sheet		A	A	new	n	n	y	3	sheet-new	open new blank sheet with N columns
global	advance-replay		^I	^I	n	n	n	n		meta-replay-step	execute next row in replaying sheet
global	cancel-all	g	^C	g^C	n	n	n	n		meta-threads-cancel-all	abort all secondary threads
global	check-version				n	n	n	n			check VisiData version against given version
global	cmdlog		D	D	meta	n	n	n	3	meta-cmdlog	open CommandLog
global	columns-all	g	C	gC	meta	n	n	y		meta-columns-all	open Columns Sheet with all columns from all sheets
global	describe-all	g	I	gI	derived	n	n	y		data-describe-all	open descriptive statistics for all visible columns on all sheets
global	error-recent		^E	^E	meta	n	n	n		errors-recent	view traceback for most recent error
global	errors-all	g	^E	g^E	meta	n	n	n		info-errors-all	view traceback for most recent errors
global	exec-longname		Space	Space				n		meta-exec-cmd	execute command by name
global	exec-python	g	^X	g^X	n	n	n	y		python-exec	execute Python statement in the global scope
global	forget-sheet		Q	Q	quit	n	n	n		sheet-quit-remove	quit current sheet and remove it from the cmdlog
global	freq-rows	z	F	zF	y	use	n	y		data-aggregate-summary	open one-line summary for all selected rows
global	no-op		KEY_RESIZE	KEY_RESIZE	n	n	n	n			no operation
global	open-file		o	o	y	n	n	y		sheet-open-path	open input in VisiData
global	pause-replay		^U	^U	n	n	n	n		meta-replay-toggle	pause/resume replay
global	prev-sheet		^^	^^	swap	n	n	n		view-go-sheet-swap	jump to previous sheet (swap with current sheet)
global	pyobj-expr		^X	^X	y	n	n	y		python-eval-push	evaluate Python expression and open result as Python object
global	pyobj-expr-row	z	^X	z^X	n	n	n	y		python-eval-status	evaluate Python expression, in context of current row, and open result as Python object
global	pyobj-sheet	g	^Y	g^Y	meta	n	n	y		python-push-sheet-object	open current sheet as Python object
global	quit-all	g	q	gq	quit	n	n	n		sheet-quit-all	quit all sheets (clean exit)
global	quit-sheet		q	q	quit	n	n	y	*	sheet-quit-current	quit current sheet
global	redraw		^L	^L	n	n	n	n			refresh screen
global	reload-all	g	^R	g^R	n	n	unmodifies	y		reload-all	reload all selected sheets
global	save-all	g	^S	g^S	n	n	n	y		sheet-save-all	save all sheets to given file or directory)
global	save-cmdlog		^D	^D	n	n	n	n		meta-cmdlog-save	save CommandLog to new .vd file
global	setdiff-sheet									sheet-set-diff	set this sheet as the diff sheet for all new sheets
global	sheets		S	S	static meta	n	n	y		meta-sheets	open Sheets Sheet
global	sheets-graveyard	g	S	gS	static meta	n	n	y		sheets-graveyard	open Sheets Graveyard
global	show-version		^V	^V	n	n	n	n		info-version	show version information on status line
global	status				n	n	n	n			show given message on status line
global	statuses		^P	^P	static meta	n	n	n		meta-status-history	open Status History
global	stop-replay		^K	^K	n	n	n	n		meta-replay-cancel	cancel current replay
global	suspend		^Z	^Z	suspend	n	n	n			suspend VisiData process
global	sysopen-help		^H	^H	external	n	n	n			view vd man page
global	threads-all		^T	^T	meta	n	n	n		meta-threads	open Threads Sheet
global	toggle-profile		^_	^_	n	n	n	n		meta-threads-profile	turn profiling on for main process
global	visidata-dir	g	D	gD	static	n	n	y		meta-visidata-dir	open .visidata directory
XmlSheet	addcol-xmlattr	z	a	za	n	n	y	y			add column for xml attribute
XmlSheet	dive-row		Enter	Enter	y	n	n	y			load table referenced in current row into memory
XmlSheet	visibility		v	v	n	n	n	y			show only columns in current row attributes
ThreadsSheet	cancel-thread		^C	^C	n	n	n	n		cancel-thread	abort thread at current row
ThreadsSheet	profile-row		Enter	Enter	y	n	n	n		sheet-profile	push profile sheet for this action
SheetsSheet	cancel-row	z	^C	z^C	n	n	n	n			abort thread on current row
SheetsSheet	cancel-rows	gz	^C	gz^C	n	use	n	n			abort thread on selected rows
SheetsSheet	columns-selected	g	C	gC	y	y	n	y		sheet-columns-selected	merge the selected sheets with visible columns from all, keeping rows according to jointype
SheetsSheet	describe-selected	g	I	gI	y	y	n	y		sheet-describe-selected	open Describe Sheet with all columns from selected sheets
SheetsSheet	join-sheets		&	&	y	y	n	y		sheet-join	merge the selected sheets with visible columns from all, keeping rows according to jointype
SheetsSheet	open-row		Enter	Enter	y	n	n	y		sheet-open-row	open sheet referenced in current row
SheetsSheet	open-rows	g	Enter	gEnter	y	use	n	y		sheet-open-rows	push selected sheets to top of sheets stack
SheetsSheet	reload-all	g	^R	g^R	n	n	unmodifies	y		reload-all	reload all selected sheets
SheetPivot	dive-cell	z	Enter	zEnter	y	n	n	y		open-source-cell	open sheet of source rows aggregated in current cell
SheetPivot	dive-row		Enter	Enter	y	n	n	y		open-source-row	open sheet of source rows aggregated in current row
SheetObject	dive-row		Enter	Enter	y	n	n	y		python-dive-row	dive further into Python object
SheetObject	edit-cell		e	e	n	n	y	y			edit contents of current cell
SheetObject	hide-hidden	z	v	zv	n	n	n	y			hide methods and hidden properties
SheetObject	show-hidden	g	v	gv	n	n	n	y			show methods and hidden properties
SheetObject	visibility		v	v	n	n	n	y			toggle show/hide for methods and hidden properties
SheetNamedTuple	dive-row		Enter	Enter	y	n	n	y			dive further into Python object
SheetH5Obj	dive-metadata		A	A	y	n	n	y			open metadata sheet for this object
SheetH5Obj	dive-row		Enter	Enter	y	n	n	y			load table referenced in current row into memory
SheetFreqTable	dup-row		Enter	Enter	y	n	n	y		open-cell-source	open copy of source sheet with rows described in current cell
SheetFreqTable	select-row		s	s	n	change	n	y		filter-source-select-bin	select these entries in source sheet
SheetFreqTable	stoggle-row		t	t	n	change	n	y		filter-source-toggle-bin	toggle these entries in source sheet
SheetFreqTable	unselect-row		u	u	n	change	n	y		filter-source-unselect-bin	unselect these entries in source sheet
SheetDict	dive-row		Enter	Enter	y	n	n	y		python-dive-row	dive further into Python object
SheetDict	edit-cell		e		n	n	y	y		modify-edit-cell	edit contents of current cell
Sheet	add-row		a	a	n	n	y	y	3	modify-add-row-blank	insert a blank row
Sheet	add-rows	g	a	ga	n	n	y	y	3	modify-add-row-many	add N blank rows
Sheet	addcol-bulk	gz	a	gza	n	n	y	y		modify-add-column-manyblank	add N empty columns
Sheet	addcol-expr		=	=	n	n	y	y	1,3,5	modify-add-column-expr	create new column from Python expression, with column names as variables
Sheet	addcol-new	z	a	za	n	n	y	y	3	modify-add-column-blank	add an empty column
Sheet	addcol-sh	z	;	z;	n	n	y	y			create new column from bash expression, with $columnNames as variables
Sheet	addcol-subst		*	*	n	n	y	y	5	modify-add-column-regex-transform	add column derived from current column, replay regex with subst (may include \1 backrefs)
Sheet	aggregate-col		+	+	n	n	n	y	5	column-aggregator-add	add aggregator to current column
Sheet	aggregate-numerics	g	+	g+	n	n	n	y			add aggregator to all numeric columns
Sheet	cache-col	z	'	z'	n	n	n	y		column-cache-clear	add/reset cache for current column
Sheet	cache-cols	gz	'	gz'	n	n	n	y		column-cache-clear-all	add/reset cache for all visible columns
Sheet	capture-col		;	;	n	n	n	y	1,5	modify-add-column-regex-capture	add new column from capture groups of regex; requires example row
Sheet	columns-sheet		C	C	meta	n	n	y	4,5	meta-columns-sheet	open Columns Sheet
Sheet	contract-col		)	)	n	n	n	y			unexpand current column; restore original column and remove other columns at this level
Sheet	copy-cell	z	y	zy	n	n	n	y		data-clipboard-copy-cell	yank (copy) current cell to clipboard
Sheet	copy-cells	gz	y	gzy	n	use	n	y			yank (copy) contents of current column for selected rows to clipboard
Sheet	copy-row		y	y	n	n	n	y		data-clipboard-copy-row	yank (copy) current row to clipboard
Sheet	copy-selected	g	y	gy	n	use	n	y	4	data-clipboard-copy-selected	yank (copy) selected rows to clipboard
Sheet	delete-cell	z	d	zd	n	n	y	y		modify-clear-cell	delete (cut) current cell and move it to clipboard
Sheet	delete-cells	gz	d	gzd	n	use	y	y		modify-clear-column-selected	delete (cut) contents of current column for selected rows and move them to clipboard
Sheet	delete-row		d	d	n	n	y	y	1,2,5	modify-delete-row	delete current row and move it to clipboard
Sheet	delete-selected	g	d	gd	n	use	y	y	5	modify-delete-selected	delete selected rows and move them to clipboard
Sheet	describe-sheet		I	I	derived	n	n	y		data-describe	open descriptive statistics for all visible columns
Sheet	dive-cell	z	Enter	zEnter	derived	n	n	y			
Sheet	dive-row		Enter	Enter	derived	n	n	y			
Sheet	dup-rows	g	"	g"	derived	use	n	y		sheet-duplicate-all	open duplicate sheet with all rows
Sheet	dup-rows-deep	gz	"	gz"	copy	use	n	y		sheet-duplicate-deepcopy	open duplicate sheet with deepcopy of all rows
Sheet	dup-selected		"	"	derived	use	n	y	2	sheet-duplicate-selected	open duplicate sheet with only selected rows
Sheet	dup-selected-deep	z	"	z"	copy	use	n	y		sheet-duplicate-deepcopy-selected	open duplicate sheet with deepcopy of selected rows
Sheet	edit-cell		e	e	n	n	y	y	3,4,5	modify-edit-cell	edit contents of current cell
Sheet	edit-cells	g	e	ge	n	use	y	y	4,5	modify-edit-column-selected	set contents of current column for selected rows to same input
Sheet	error-cell	z	^E	z^E	meta	n	n	n			view traceback for error in current cell
Sheet	expand-col		(	(	n	n	n	y	5	expand_col	expand current column of containers fully
Sheet	expand-col-depth	z	(	z(	n	n	n	y		expand_col_deep	expand current column of containers to given depth (0=fully)
Sheet	expand-cols	g	(	g(	n	n	n	y		expand_vcols	expand all visible columns of containers fully
Sheet	expand-cols-depth	gz	(	gz(	n	n	n	y		expand_vcols_deep	expand all visible columns of containers to given depth (0=fully)
Sheet	fill-nulls		f	f	n	n	y	y		modify-fill-column	fills null cells in current column with contents of non-null cells up the current column
Sheet	freeze-col		'	'	n	n	n	y		column-freeze	add a frozen copy of current column with all cells evaluated
Sheet	freeze-sheet	g	'	g'	copy	n	n	y		sheet-freeze	open a frozen copy of current sheet with all visible columns evaluated
Sheet	freq-col		F	F	derived	n	n	y		data-aggregate-column	open Frequency Table grouped on current column
Sheet	freq-keys	g	F	gF	derived	n	n	y	2	data-aggregate-keys	open Frequency Table grouped by all key columns on the source sheet
Sheet	freq-rows		F	F	derived	n	n	y		data-aggregate-summary	open one-line summary for all selected rows
Sheet	go-bottom	g	j	gj	n	n	n	n			move all the way to the bottom of sheet
Sheet	go-col-number	z	c	zc	n	n	n	n		view-go-column-number	move to the given column number
Sheet	go-col-regex		c	c	n	n	n	n		view-go-column-regex	move to the next column with name matching regex
Sheet	go-down		j	j	n	n	n	n	*		move down
Sheet	go-end				n	n	n	n			go to last row and last column
Sheet	go-home				n	n	n	n			go to first row and first column
Sheet	go-left		h	h	n	n	n	n	*		move left
Sheet	go-leftmost	g	h	gh	n	n	n	n		view-go-far-left	move all the way to the left
Sheet	go-mouse			BUTTON1_PRESSED	n	n	n	n		view-go-mouse-row	
Sheet	go-right		l	l	n	n	n	n	*		move right
Sheet	go-rightmost	g	l	gl	n	n	n	n		view-go-far-right	move all the way to the right of sheet
Sheet	go-row-number	z	r	zr	n	n	n	n		view-go-row-number	move to the given row number
Sheet	go-top	g	k	gk	n	n	n	n			move all the way to the top of sheet
Sheet	go-up		k	k	n	n	n	n	*		move up
Sheet	help-commands	z	^H	z^H	meta	n	n	n		meta-commands	view sheet of commands and keybindings
Sheet	hide-col		-	-	n	n	n	y	2	column-hide	hide current column
Sheet	key-col		!	!	n	n	n	y	2,3,5	column-key-toggle	toggle current column as a key column
Sheet	key-col-off	z	!	z!	n	n	n	y		column-key-unset	unset current column as a key column
Sheet	key-col-on	g	!	g!	n	n	n	y			set current column as a key column
Sheet	melt		M	M	derived	n	n	y	1,5	data-melt	open melted sheet (unpivot)
Sheet	melt-regex	g	M	gM	derived	n	n	y		data-melt-regex	open melted sheet (unpivot), factoring columns
Sheet	next-null	z	>	z>	n	n	n	n		view-go-next-null	move down the current column to the next null value
Sheet	next-page		^F	^F	n	n	n	n			scroll one page forward
Sheet	next-search		n	n	n	n	n	n	2	view-find-forward-repeat	move to next match from last search
Sheet	next-selected		}	}	n	use	n	n	2	view-go-next-selected	move down the current column to the next selected row
Sheet	next-value		>	>	n	n	n	n		view-go-next-value	move down the current column to the next value
Sheet	open-config	g	O	gO	y	n	n	y			open ~/.visidatarc as text sheet
Sheet	options-global		O	O	meta static	n	n	n		meta-options	open global OptionsSheet
Sheet	options-sheet	z	O	zO	meta static	n	n	n		meta-options	open OptionsSheet for current SheetType
Sheet	page-left				n	n	n	n			move cursor one page left
Sheet	page-right				n	n	n	n			move cursor one page right
Sheet	paste-after		p	p	n	n	y	y	5	data-clipboard-paste-after	paste clipboard rows after current row
Sheet	paste-before		P	P	n	n	y	y		data-clipboard-paste-before	paste clipboard rows before current row
Sheet	paste-cell	z	p	zp	n	n	y	y		data-clipboard-paste-cell	set contents of current cell to last clipboard value
Sheet	paste-cell-before	z	P	zP	n	n	y	y			prepend to contents of current column for current row to last clipboard value
Sheet	paste-cells	gz	y	gzp	n	use	y	y			set current column for selected rows to the items from last clipboard
Sheet	paste-selected	gz	p	gzp	n	change	y	y		data-clipboard-paste-selected	set cells of current column for selected rows to last clipboard value
Sheet	pivot		W	W	derived	n	n	y	5	data-pivot	Pivot the current column into a new sheet
Sheet	plot-column		.	.	canvas	n	n	y	2,3	data-plot-column	graph the current column vs key columns Numeric key column is on the x-axis, while categorical key columns determine color
Sheet	plot-numerics	g	.	g.	canvas	n	n	y		data-plot-allnumeric	open a graph of all visible numeric columns vs key column
Sheet	prev-null	z	<	z<	n	n	n	n		view-go-prev-null	move up the current column to the next null value
Sheet	prev-page		^B	^B	n	n	n	n			scroll one page backward
Sheet	prev-search		N	N	n	n	n	n		view-find-backward-repeat	move to previous match from last search
Sheet	prev-selected		{	{	n	use	n	n	2	view-go-prev-selected	move up the current column to the previous selected row
Sheet	prev-value		<	<	n	n	n	n		view-go-prev-value	move up the current column to the next value
Sheet	pyobj-cell	z	^Y	z^Y	meta	n	n	y		python-push-cell-object	open current cell as Python object
Sheet	pyobj-row		^Y	^Y	meta	n	n	y		python-push-row-object	open current row as Python object
Sheet	random-rows		R	R	derived	n	n	y		rows-select-random	open duplicate sheet with a random population subset of # rows
Sheet	reload-row	z	^R	z^R	n	n	unmodifies	y			
Sheet	reload-selected	gz	^R	gz^R	n	n	unmodifies	y			
Sheet	reload-sheet		^R	^R	n	n	should confirm if modified; marks as unmodified	y	4,5	sheet-reload	reload current sheet
Sheet	rename-col		^	^	n	n	y	y	3	column-name-input	edit name of current column
Sheet	rename-col-selected	z	^	z^	n	y	y	y		column-name-cell	set name of current column to combined contents of current cell in selected rows (or current row)
Sheet	rename-cols-row	g	^	g^	n	n	y	y		column-name-all-selected	set names of all unnamed visible columns to contents of selected rows (or current row)
Sheet	rename-cols-selected	gz	^	gz^	n	use	y	y		column-name-selected	set names of all visible columns to combined contents of selected rows (or current row)
Sheet	resize-col	z	_	z_	n	n	n	n		column-width-input	adjust current column width to given number
Sheet	resize-col-half	z	-	z-	n	n	n	n		column-width-half	reduce width of current column by half
Sheet	resize-col-max		_	_	n	n	n	n	2	column-width-full	adjust width of current column to full
Sheet	resize-cols-max	g	_	g_	n	n	n	n		column-width-all-full	adjust width of all visible columns to full
Sheet	save-col	z	^S	z^S	n	n	n	y		sheet-save-column	save current column to filename in format determined by extension
Sheet	save-sheet		^S	^S	n	n	n	y	2,4	sheet-save	save current sheet to filename in format determined by extension (default .tsv)
Sheet	scroll-down	z	j	zj	n	n	n	n			scroll one row down
Sheet	scroll-down			REPORT_MOUSE_POSITION	n	n	n	n		view-scroll-down	move scroll_incr backward
Sheet	scroll-left	z	h	zh	n	n	n	n			scroll one column left
Sheet	scroll-leftmost				n	n	n	n			scroll sheet to leftmost column
Sheet	scroll-middle	z	z	zz	n	n	n	n			scroll current row to center of screen
Sheet	scroll-mouse			BUTTON1_RELEASED	n	n	n	n		view-scroll-mouse-row	
Sheet	scroll-right	z	l	zl	n	n	n	n			scroll one column right
Sheet	scroll-rightmost				n	n	n	n			scroll sheet to rightmost column
Sheet	scroll-up	z	k	zk	n	n	n	n			scroll one row up
Sheet	scroll-up			BUTTON4_PRESSED	n	n	n	n		view-scroll-up	move scroll_incr forward
Sheet	search-col		/	/	n	n	n	n	2	view-find-row-curcol-forward	search for regex forwards in current column
Sheet	search-cols	g	/	g/	n	n	n	n		view-find-row-viscol-forward	search for regex forwards over all visible columns
Sheet	search-expr	z	/	z/	n	n	n	n			search by Python expression forwards
Sheet	search-keys		r	r	n	n	n	n		view-go-row-regex	move to the next row with key matching regex
Sheet	searchr-col		?	?	n	n	n	n		view-find-row-curcol-backward	search for regex backwards in current column
Sheet	searchr-cols	g	?	g?	n	n	n	n		view-find-row-viscol-backward	search for regex backwards over all visible columns
Sheet	searchr-expr	z	?	z?	n	n	n	n		info-manpage	search by Python expression backwards
Sheet	select-after	gz	s	gzs	n	change	n	y		rows-select-from-cursor	select all rows from cursor to bottom
Sheet	select-before	z	s	zs	n	change	n	y		rows-select-to-cursor	select all rows from top to cursor
Sheet	select-col-regex		|	|	n	change	n	y	4	rows-select-regex	select rows matching regex in current column
Sheet	select-cols-regex	g	|	g|	n	change	n	y		rows-select-regex-all	select rows matching regex in any visible column
Sheet	select-equal-cell		,	,	n	change	n	y	4,5	rows-select-like-cell	select rows matching current cell in current column
Sheet	select-equal-row	g	,	g,	n	change	n	y		rows-select-like-row	select rows matching current row in all visible columns
Sheet	select-expr	z	|	z|	n	change	n	y		rows-select-expr	select rows with a Python expression
Sheet	select-row		s	s	n	change	n	y	2,5	rows-select-current	select current row
Sheet	select-rows	g	s	gs	n	change	n	y	5	rows-select-all	select all rows
Sheet	set-option				n	n		y			set option on current sheet
Sheet	setcol-expr	g	=	g=	n	use	y	y	3,5	modify-set-column-selected-expr	set current column for selected rows to result of Python expression
Sheet	setcol-range	gz	=	gz=	n	use	y	y	3	modify-set-column-sequence	set current column for selected rows to the items in result of Python sequence expression
Sheet	setcol-subst	g	*	g*	n	use	y	y	4	modify-add-column-regex-transform-foo	regex/subst - modify selected rows replacing regex with subst, which may include backreferences) \1 etc) for current column
Sheet	setcol-subst-all	gz	*	gz*	n	use	y	y			regex/subst - modify selected rows replacing regex with subst, which may include backreferences (\1 etc) for all visible columns
Sheet	show-aggregate	z	+	z+	n	n	n	y	1	column-aggregator-show	display result of aggregator over all values in current column
Sheet	show-cursor		^G	^G	n	n	n	n		info-sheet	show cursor position and bounds of current sheet on status line
Sheet	show-expr	z	=	z=	n	n	n	y		python-eval-row	evaluate Python expression on current row and show result on status line
Sheet	slide-bottom	g	J	gJ	n	n	n	y		slide-row-bottom	slide current row to the bottom of sheet
Sheet	slide-down		J	J	n	n	n	y		slide-row-down	slide current row down
Sheet	slide-down-n	z	J	zJ	n	n	y	y		slide-row-down-n	slide current row down n
Sheet	slide-left		H	H	n	n	n	y		slide-col-left	slide current column left
Sheet	slide-left-n	z	H	zH	n	n	y	y		slide-col-left-n	slide current column left n
Sheet	slide-leftmost	g	H	gH	n	n	n	y	5	slide-col-leftmost	slide current column all the way to the left of sheet
Sheet	slide-right		L	L	n	n	n	y	5	slide-col-right	slide current column right
Sheet	slide-right-n	z	L	zL	n	n	y	y		slide-col-right-n	slide current column right n
Sheet	slide-rightmost	g	L	gL	n	n	n	y		slide-col-rightmost	slide current column all the way to the right of sheet
Sheet	slide-top	g	K	gK	n	n	n	y		slide-row-top	slide current row the top of sheet
Sheet	slide-up		K	K	n	n	n	y		slide-row-up	slide current row up
Sheet	slide-up-n	z	K	zK	n	n	y	y		slide-row-up-n	slide current row up n
Sheet	sort-asc		[	[	n	n	n	y		rows-sort-asc	sort ascending by current column
Sheet	sort-desc		]	]	n	n	n	y		rows-sort-desc	sort descending by current column
Sheet	sort-keys-asc	g	[	g[	n	n	n	y		rows-sort-keys-asc	sort ascending by all key columns
Sheet	sort-keys-desc	g	]	g]	n	n	n	y		rows-sort-keys-desc	sort descending by all key columns
Sheet	split-col		:	:	n	n	n	y	1	modify-add-column-regex-split	add new columns from regex split; # columns determined by example row at cursor
Sheet	stoggle-after	gz	t	gzt	n	change	n	y		rows-toggle-from-cursor	toggle select rows from cursor to bottom
Sheet	stoggle-before	z	t	zt	n	change	n	y		rows-toggle-to-cursor	toggle select rows from top to cursor
Sheet	stoggle-row		t	t	n	change	n	y		rows-toggle-current	toggle selection of current row
Sheet	stoggle-rows	g	t	gt	n	change	n	y		rows-toggle-all	toggle selection of all rows
Sheet	syscopy-cell	z	Y	zY	n	n	n	n		data-clipboard-copy-system-cell	yank (copy) current cell to system clipboard
Sheet	syscopy-cells	gz	Y	gzY	n	use	n	n		data-clipboard-copy-system-cell	yank (copy) cells in current column from selected rows to system clipboard
Sheet	syscopy-row		Y	Y	n	n	n	n		data-clipboard-copy-system-row	yank (copy) current row to system clipboard
Sheet	syscopy-selected	g	Y	gY	n	use	n	n		data-clipboard-copy-system-selected	yank (copy) selected rows to system clipboard
Sheet	sysopen-cell	z	^O	z^O	external	n	y	y			
Sheet	sysopen-row		^O	^O	external	n	y	y	1		
Sheet	transpose		T	T	derived	n	n	y		data-transpose	open new sheet with rows and columns transposed
Sheet	type-any	z	~	z~	n	n	n	y		column-type-any	set type of current column to anytype
Sheet	type-currency		$	$	n	n	n	y	1	column-type-currency	set type of current column to currency
Sheet	type-date		@	@	n	n	n	y		column-type-date	set type of current column to date
Sheet	type-float		%	%	n	n	n	y	2,3	column-type-float	set type of current column to float
Sheet	type-int		#	#	n	n	n	y	2	column-type-int	set type of current column to int
Sheet	type-len	z	#	z#	n	n	n	y			set type of current column to len
Sheet	type-string		~	~	n	n	n	y	1	column-type-str	set type of current column to str
Sheet	unhide-cols	g	v	gv	n	n	n	y		column-unhide-all	unhide all columns
Sheet	unselect-after	gz	u	gzu	n	change	n	y		rows-unselect-from-cursor	unselect all rows from cursor to bottom
Sheet	unselect-before	z	u	zu	n	change	n	y		rows-unselect-to-cursor	unselect all rows from top to cursor
Sheet	unselect-col-regex		\	\	n	change	n	y	5	rows-unselect-regex	unselect rows matching regex in current column
Sheet	unselect-cols-regex	g	\	g\	n	change	n	y		rows-unselect-regex-all	unselect rows matching regex in any visible column
Sheet	unselect-expr	z	\	z\	n	change	n	y		rows-unselect-expr	unselect rows with a Python expression
Sheet	unselect-row		u	u	n	change	n	y		rows-unselect-current	unselect current row
Sheet	unselect-rows	g	u	gu	n	change	n	y	2,5	rows-unselect-all	unselect all rows
Sheet	view-cell		V	V	derived	n	?	y		sheet-open-cell	view contents of current cell in a new sheet
Sheet	visibility		v	v	n	n	n	y			
ProfileSheet	dive-cell	z	Enter	zEnter	y	n	n	y			open ProfileSheet for caller referenced in current cell
ProfileSheet	dive-row		Enter	Enter	y	n	n	y			open ProfileSheet for calls referenced in current row
ProfileSheet	save-profile	z	^S	z^S	n	n	n	y		sheet-save-profile	save profile
ProfileSheet	sysopen-row		^O	^O	external	n		n			open current file at referenced row in external $EDITOR
Plotter	redraw		^L	^L	n	n	n	n			redraw all pixels on canvas
Plotter	visibility		v	v	n	n	n	y			toggle show_graph_labels
PNGSheet	plot-sheet		.	.	y	n	n	y		data-plot-png	plot this png
MbtilesSheet	dive-row		Enter	Enter	y	n	n	y			load table referenced in current row into memory
MbtilesSheet	plot-row		.	.	y	n	n	y			plot tiles in current row
DirSheet	delete-row				n	n	y			modify-delete-row	
DirSheet	delete-selected				n	use	y			modify-delete-selected	
DirSheet	open-row		Enter	Enter	y	n	n	y		sheet-open-row	open current file as a new sheet
DirSheet	open-rows	g	Enter	gEnter		use	n	y		sheet-open-rows	open selected files as new sheets
DirSheet	reload-row	z	^R	z^R	n	n	unmodifies			sheet-specific-apply-edits	undo pending changes to current row
DirSheet	reload-rows	gz	^R	gz^R	n	use	unmodifies				undo pending changes to selected rows
DirSheet	save-row	z	^S	z^S	n	n	n			sheet-specific-apply-edits	apply changes to current row
DirSheet	save-sheet		^S	^S	n	n	n			sheet-specific-apply-edits	apply all changes on all rows
DirSheet	sysopen-row		^O	^O	external	n			1	edit-row-external	open current file in external $EDITOR
DirSheet	sysopen-rows	g	^O	g^O	external	use			1	edit-rows-external	open selected files in external $EDITOR
DescribeSheet	dup-cell	z	Enter	zEnter	y	n	n	y		open-cell-source	open copy of source sheet with rows described in current cell
DescribeSheet	freq-row			ENTER	y	n	n	y		data-aggregate-source-column	open a Frequency Table sheet grouped on column referenced in current row
DescribeSheet	select-cell	z	s	zs	n	change		y		rows-select-source-cell	select rows on source sheet which are being described in current cell
DescribeSheet	unselect-cell	z	u	zu	n	change	n	y		rows-unselect-source-cell	unselect rows on source sheet which are being described in current cell
CommandLog	replay-all	g	x	gx	n	n	n	n			replay contents of entire CommandLog
CommandLog	replay-row			x	n	n	n	n			replay command in current row
CommandLog	save-macro	z	^S	z^S	n	y	n	n			save macro
CommandLog	stop-replay			^C	n	n	n	n			abort replay
ColumnsSheet	aggregate-cols	g	+	g+	n	use	n	y		column-aggregate-add-all	add aggregators to selected source columns
ColumnsSheet	freq-col		Enter	Enter	y	n	n	y		data-aggregate-source-column	open a Frequency Table grouped on column referenced in current row
ColumnsSheet	hide-selected	g	-	g-	n	use	n	y		column-hide-selected	hide selected columns on source sheet
ColumnsSheet	join-cols		&	&	n	use	n	y			add column from concatenating selected source columns
ColumnsSheet	key-off-selected	gz	!	gz!	n	use	n	y			unset selected rows as key columns on source sheet
ColumnsSheet	key-selected	g	!	g!	n	use	n	y			toggle selected rows as key columns on source sheet
ColumnsSheet	resize-source-rows				n	use	n	y		column-source-width-max	adjust widths of selected source columns
ColumnsSheet	type-any-selected	gz	~	gz~	n	use	n	y		column-type-any-selected	set type of selected columns to anytype
ColumnsSheet	type-currency-selected	g	$	g$	n	use	n	y	1	column-type-currency-selected	set type of selected columns to currency
ColumnsSheet	type-date-selected	g	@	g@	n	use	n	y		column-type-date-selected	set type of selected columns to date
ColumnsSheet	type-float-selected	g	%	g%	n	use	n	y	2,3	column-type-float-selected	set type of selected columns to float
ColumnsSheet	type-int-selected	g	#	g#	n	use	n	y	2	column-type-int-selected	set type of selected columns to int
ColumnsSheet	type-len-selected	gz	#	gz#	n	use	n	y		column-type-int-selected	set type of selected columns to len
ColumnsSheet	type-string-selected	g	~	g~	n	use	n	y	1	column-type-str-selected	set type of selected columns to str
Canvas	delete-cursor		d	d	n	n	source	y			delete rows on source sheet contained within canvas cursor
Canvas	delete-visible	g	d	gd	n	n	source	y			delete rows on source sheet visible on screen
Canvas	dive-cursor		Enter	Enter	y	n	n	y			open sheet of source rows contained within canvas cursor
Canvas	dive-visible	g	Enter	gEnter	y	n	n	y			open sheet of source rows visible on screen
Canvas	end-cursor			BUTTON1_RELEASED	n	n	n	n			end cursor box with left mouse button release
Canvas	end-move			BUTTON3_RELEASED	n	n	n	n			mark canvas anchor point
Canvas	go-bottom				n	n	n	n			
Canvas	go-down				n	n	n	n			
Canvas	go-down-small				n	n	n	n			
Canvas	go-left				n	n	n	n			
Canvas	go-left-small				n	n	n	n			
Canvas	go-leftmost				n	n	n	n			
Canvas	go-right				n	n	n	n			
Canvas	go-right-small				n	n	n	n			
Canvas	go-rightmost				n	n	n	n			
Canvas	go-top				n	n	n	n			
Canvas	go-up				n	n	n	n			
Canvas	go-up-small				n	n	n	n			
Canvas	resize-cursor-doubleheight	g	K	gK	n	n	n	n			
Canvas	resize-cursor-doublewide	g	L	gL	n	n	n	n			
Canvas	resize-cursor-halfheight	g	J	gJ	n	n	n	n			
Canvas	resize-cursor-halfwide	g	H	gH	n	n	n	n			
Canvas	resize-cursor-shorter		K	K	n	n	n	n			
Canvas	resize-cursor-taller		J	J	n	n	n	n			
Canvas	resize-cursor-thinner		H	H	n	n	n	n			
Canvas	resize-cursor-wider		L	L	n	n	n	n			
Canvas	select-cursor		s	s	n	change	n	y			select rows on source sheet contained within canvas cursor
Canvas	select-visible	g	s	gs	n	change	n	y			select rows on source sheet visible on screen
Canvas	set-aspect	z	_	z_	n	n	n	n			set aspect ratio
Canvas	start-cursor			BUTTON1_PRESSED	n	n	n	n			start cursor box with left mouse button press
Canvas	start-move			BUTTON3_PRESSED	n	n	n	n			mark grid point to move
Canvas	stoggle-cursor		t	t	n	change	n	y			toggle selection of rows on source sheet contained within canvas cursor
Canvas	stoggle-visible	g	t	gt	n	change	n	y			toggle selection of rows on source sheet visible on screen
Canvas	unselect-cursor		u	u	n	change	n	y			unselect rows on source sheet contained within canvas cursor
Canvas	unselect-visible	g	u	gu	n	change	n	y			unselect rows on source sheet visible on screen
Canvas	zoom-all		_	_	n	n	n	n			zoom to fit full extent
Canvas	zoom-cursor			zz	n	n	n	n			set visible bounds to cursor
Canvas	zoomin-cursor		+	+	n	n	n	n			zoom into cursor center
Canvas	zoomin-mouse			BUTTON4_PRESSED	n	n	n	n			zoom in with scroll wheel
Canvas	zoomout-cursor			-	n	n	n	n			zoom out from cursor center
Canvas	zoomout-mouse			REPORT_MOUSE_POSITION	n	n	n	n			zoom out with scroll wheel
BaseSheet	cancel-sheet		^C	^C	n	n	n	n		meta-threads-cancel-sheet	abort all threads on current sheet
BaseSheet	reload-sheet		^R	^R	n	n	should confirm if modified; marks as unmodified	y		sheet-reload	reload current sheet
BaseSheet	rename-sheet				n	n		y			rename current sheet to input
